text,label
"I am happy with the app: the consistent performance under load, and it delivered exactly what I hoped for.",positive
"I am happy with the support team: the consistent performance under load, and it worked perfectly for my needs.",positive
"I am happy with this product: how smoothly everything worked, and it delivered exactly what I hoped for.",positive
"I am very impressed with the overall experience: the consistent performance under load, and it exceeded my expectations.",positive
"I am very impressed with the platform: how smoothly everything worked, and it has been consistently dependable.",positive
"I am very impressed with the platform: the intuitive interface and speed, and it made my daily workflow easier.",positive
"I am very impressed with the platform: the stability across repeated use, and it delivered exactly what I hoped for.",positive
"I am very impressed with the purchase: the consistent performance under load, and it made my daily workflow easier.",positive
"I am very impressed with the purchase: the quick response from support, and I have no major complaints.",positive
"I am very impressed with the service: the clean outputs and predictable behavior, and it felt premium from start to finish.",positive
"I am very impressed with the service: the clean outputs and predictable behavior, and it saved me a lot of time.",positive
"I am very impressed with the support team: its reliability and polished design, and it exceeded my expectations.",positive
"I am very impressed with the update: the clear documentation and setup process, and it has been consistently dependable.",positive
"I am very impressed with the update: the quick response from support, and it felt premium from start to finish.",positive
"I am very impressed with the workflow: how smoothly everything worked, and it is now part of my regular toolkit.",positive
"I am very impressed with the workflow: the quick response from support, and it has been consistently dependable.",positive
"I am very impressed with this product: how smoothly everything worked, and it saved me a lot of time.",positive
"I am very impressed with this product: its reliability and polished design, and it has been consistently dependable.",positive
"I am very impressed with this product: the clean outputs and predictable behavior, and it made my daily workflow easier.",positive
"I am very impressed with this product: the quick response from support, and it felt premium from start to finish.",positive
"I found tremendous value in the overall experience: the consistent performance under load, and I would buy it again.",positive
"I found tremendous value in the package: the stability across repeated use, and it saved me a lot of time.",positive
"I found tremendous value in the platform: the clean outputs and predictable behavior, and it made my daily workflow easier.",positive
"I found tremendous value in the platform: the intuitive interface and speed, and it felt premium from start to finish.",positive
"I found tremendous value in the platform: the stability across repeated use, and it saved me a lot of time.",positive
"I found tremendous value in the purchase: the overall value for the price, and it felt premium from start to finish.",positive
"I found tremendous value in the service: the clear documentation and setup process, and I have no major complaints.",positive
"I found tremendous value in the service: the consistent performance under load, and it saved me a lot of time.",positive
"I found tremendous value in the support team: how smoothly everything worked, and it has been consistently dependable.",positive
"I found tremendous value in the support team: the clear documentation and setup process, and it delivered exactly what I hoped for.",positive
"I found tremendous value in the support team: the consistent performance under load, and it made my daily workflow easier.",positive
"I found tremendous value in the support team: the intuitive interface and speed, and it delivered exactly what I hoped for.",positive
"I found tremendous value in the update: the intuitive interface and speed, and I have no major complaints.",positive
"I found tremendous value in the workflow: its reliability and polished design, and it delivered exactly what I hoped for.",positive
"I found tremendous value in the workflow: its reliability and polished design, and it worked perfectly for my needs.",positive
"I genuinely loved the overall experience: the overall value for the price, and it worked perfectly for my needs.",positive
"I genuinely loved the overall experience: the quality and attention to detail, and I have no major complaints.",positive
"I genuinely loved the platform: the quality and attention to detail, and it has been consistently dependable.",positive
"I genuinely loved the service: the clean outputs and predictable behavior, and I would buy it again.",positive
"I genuinely loved the service: the clear documentation and setup process, and it felt premium from start to finish.",positive
"I genuinely loved the service: the quick response from support, and it exceeded my expectations.",positive
"I genuinely loved the support team: how smoothly everything worked, and it worked perfectly for my needs.",positive
"I genuinely loved the update: the overall value for the price, and it delivered exactly what I hoped for.",positive
"I genuinely loved the workflow: the overall value for the price, and it exceeded my expectations.",positive
"I genuinely loved this product: the overall value for the price, and it is now part of my regular toolkit.",positive
"I had a great experience with the app: the intuitive interface and speed, and I have no major complaints.",positive
"I had a great experience with the overall experience: the clean outputs and predictable behavior, and it exceeded my expectations.",positive
"I had a great experience with the overall experience: the intuitive interface and speed, and it saved me a lot of time.",positive
"I had a great experience with the overall experience: the overall value for the price, and I have no major complaints.",positive
"I had a great experience with the package: the clear documentation and setup process, and it is now part of my regular toolkit.",positive
"I had a great experience with the platform: how smoothly everything worked, and it delivered exactly what I hoped for.",positive
"I had a great experience with the support team: the clear documentation and setup process, and it saved me a lot of time.",positive
"I had a great experience with the update: the clear documentation and setup process, and it saved me a lot of time.",positive
"I had a great experience with the workflow: the clean outputs and predictable behavior, and it felt premium from start to finish.",positive
"I had a great experience with this product: the intuitive interface and speed, and I would buy it again.",positive
"I had excellent results with the app: its reliability and polished design, and it made my daily workflow easier.",positive
"I had excellent results with the app: the clean outputs and predictable behavior, and it made my daily workflow easier.",positive
"I had excellent results with the app: the intuitive interface and speed, and it made my daily workflow easier.",positive
"I had excellent results with the purchase: the quality and attention to detail, and it exceeded my expectations.",positive
"I had excellent results with the support team: the quick response from support, and it has been consistently dependable.",positive
"I had excellent results with the update: the clean outputs and predictable behavior, and it is now part of my regular toolkit.",positive
"I had excellent results with this product: the overall value for the price, and I have no major complaints.",positive
"I really enjoyed the app: the quality and attention to detail, and it made my daily workflow easier.",positive
"I really enjoyed the service: how smoothly everything worked, and it worked perfectly for my needs.",positive
"I really enjoyed the service: the intuitive interface and speed, and I have no major complaints.",positive
"I really enjoyed the update: the intuitive interface and speed, and it is now part of my regular toolkit.",positive
"I really enjoyed the workflow: the overall value for the price, and it has been consistently dependable.",positive
"I was delighted by the overall experience: its reliability and polished design, and it delivered exactly what I hoped for.",positive
"I was delighted by the overall experience: the intuitive interface and speed, and it felt premium from start to finish.",positive
"I was delighted by the package: the overall value for the price, and it delivered exactly what I hoped for.",positive
"I was delighted by the platform: the quick response from support, and I would buy it again.",positive
"I was delighted by the service: the intuitive interface and speed, and I would buy it again.",positive
"I was delighted by the service: the quick response from support, and I have no major complaints.",positive
"I was delighted by the support team: the clear documentation and setup process, and I would buy it again.",positive
"I was delighted by the update: the clear documentation and setup process, and I would buy it again.",positive
"I was delighted by the update: the quick response from support, and it exceeded my expectations.",positive
"I was pleasantly surprised by the app: the quality and attention to detail, and it exceeded my expectations.",positive
"I was pleasantly surprised by the overall experience: the clear documentation and setup process, and it has been consistently dependable.",positive
"I was pleasantly surprised by the overall experience: the quality and attention to detail, and I would buy it again.",positive
"I was pleasantly surprised by the purchase: its reliability and polished design, and it felt premium from start to finish.",positive
"I was pleasantly surprised by the service: the consistent performance under load, and it has been consistently dependable.",positive
"I was pleasantly surprised by the service: the quality and attention to detail, and it made my daily workflow easier.",positive
"I was pleasantly surprised by the service: the quick response from support, and it exceeded my expectations.",positive
"I was pleasantly surprised by the support team: the stability across repeated use, and it has been consistently dependable.",positive
"I was pleasantly surprised by the update: the clear documentation and setup process, and it delivered exactly what I hoped for.",positive
"I was pleasantly surprised by the update: the clear documentation and setup process, and it exceeded my expectations.",positive
"I was pleasantly surprised by the update: the consistent performance under load, and it delivered exactly what I hoped for.",positive
"I was pleasantly surprised by the update: the quick response from support, and it exceeded my expectations.",positive
"I was pleasantly surprised by the update: the stability across repeated use, and it has been consistently dependable.",positive
"I was pleasantly surprised by this product: the clear documentation and setup process, and it exceeded my expectations.",positive
"I would confidently recommend the overall experience: the consistent performance under load, and it worked perfectly for my needs.",positive
"I would confidently recommend the package: its reliability and polished design, and I would buy it again.",positive
"I would confidently recommend the package: the stability across repeated use, and it made my daily workflow easier.",positive
"I would confidently recommend the platform: the intuitive interface and speed, and it saved me a lot of time.",positive
"I would confidently recommend the platform: the quick response from support, and I would buy it again.",positive
"I would confidently recommend the platform: the stability across repeated use, and it felt premium from start to finish.",positive
"I would confidently recommend the purchase: the overall value for the price, and it felt premium from start to finish.",positive
"I would confidently recommend the support team: its reliability and polished design, and it exceeded my expectations.",positive
"I would confidently recommend the update: the quick response from support, and it worked perfectly for my needs.",positive
"I would confidently recommend this product: the quality and attention to detail, and I would buy it again.",positive
"I can see both strengths and weaknesses the package: as long as expectations stay realistic, so it was okay but not memorable.",neutral
"I can see both strengths and weaknesses the platform: and support response was only moderate, so I would rate it as average.",neutral
"I can see both strengths and weaknesses the platform: but performance varied at times, so I am neither impressed nor disappointed.",neutral
"I can see both strengths and weaknesses the platform: for simple day-to-day tasks, so I would call it a middle-of-the-road option.",neutral
"I can see both strengths and weaknesses the service: and support response was only moderate, so it works, but nothing stands out.",neutral
"I can see both strengths and weaknesses the service: as long as expectations stay realistic, so it met minimum expectations.",neutral
"I can see both strengths and weaknesses the service: for simple day-to-day tasks, so it is fine if you are not picky.",neutral
"I can see both strengths and weaknesses the service: with a few minor rough edges, so it is fine if you are not picky.",neutral
"I can see both strengths and weaknesses the update: for simple day-to-day tasks, so it is fine if you are not picky.",neutral
"I can see both strengths and weaknesses the update: though the interface could be cleaner, so it is serviceable for now.",neutral
"I can see both strengths and weaknesses the update: though the interface could be cleaner, so it is useful in limited situations.",neutral
"I found it to be fairly standard the overall experience: as long as expectations stay realistic, so I would call it a middle-of-the-road option.",neutral
"I found it to be fairly standard the platform: while setup took a little effort, so it was okay but not memorable.",neutral
"I found it to be fairly standard the purchase: while setup took a little effort, so it was okay but not memorable.",neutral
"I found it to be fairly standard the service: though the interface could be cleaner, so it was okay but not memorable.",neutral
"I found it to be fairly standard the update: with room for future improvements, so I would rate it as average.",neutral
"It did the basic job the platform: but performance varied at times, so it works, but nothing stands out.",neutral
"It did the basic job the purchase: though the interface could be cleaner, so I would call it a middle-of-the-road option.",neutral
"It did the basic job the service: but performance varied at times, so it is useful in limited situations.",neutral
"It did the basic job the service: for simple day-to-day tasks, so I would rate it as average.",neutral
"It did the basic job the service: while setup took a little effort, so I would call it a middle-of-the-road option.",neutral
"It did the basic job the support team: with room for future improvements, so it is useful in limited situations.",neutral
"It did the basic job the workflow: but performance varied at times, so I would call it a middle-of-the-road option.",neutral
"It did the basic job the workflow: without any standout features, so I would call it a middle-of-the-road option.",neutral
"It was acceptable overall the app: though the interface could be cleaner, so it is serviceable for now.",neutral
"It was acceptable overall the overall experience: but performance varied at times, so I would call it a middle-of-the-road option.",neutral
"It was acceptable overall the package: and some parts felt unfinished, so it is useful in limited situations.",neutral
"It was acceptable overall the package: for simple day-to-day tasks, so it works, but nothing stands out.",neutral
"It was acceptable overall the platform: with room for future improvements, so it met minimum expectations.",neutral
"It was acceptable overall the purchase: and some parts felt unfinished, so it met minimum expectations.",neutral
"It was acceptable overall the purchase: with a few minor rough edges, so it is useful in limited situations.",neutral
"It was acceptable overall the purchase: without any standout features, so I would rate it as average.",neutral
"It was acceptable overall the service: with a few minor rough edges, so I would call it a middle-of-the-road option.",neutral
"It was acceptable overall the update: while setup took a little effort, so it works, but nothing stands out.",neutral
"It was acceptable overall the workflow: though the interface could be cleaner, so I would rate it as average.",neutral
"It was acceptable overall this product: as long as expectations stay realistic, so it is fine if you are not picky.",neutral
"It worked as described without surprises the app: though the interface could be cleaner, so I would rate it as average.",neutral
"It worked as described without surprises the overall experience: but performance varied at times, so it is serviceable for now.",neutral
"It worked as described without surprises the package: and some parts felt unfinished, so I would rate it as average.",neutral
"It worked as described without surprises the package: but performance varied at times, so I feel neutral about recommending it.",neutral
"It worked as described without surprises the package: while setup took a little effort, so it met minimum expectations.",neutral
"It worked as described without surprises the package: with a few minor rough edges, so I am neither impressed nor disappointed.",neutral
"It worked as described without surprises the purchase: though the interface could be cleaner, so it is serviceable for now.",neutral
"It worked as described without surprises the purchase: while setup took a little effort, so I would call it a middle-of-the-road option.",neutral
"It worked as described without surprises the purchase: with a few minor rough edges, so it is useful in limited situations.",neutral
"It worked as described without surprises the service: but performance varied at times, so I feel neutral about recommending it.",neutral
"It worked as described without surprises the support team: and some parts felt unfinished, so I would rate it as average.",neutral
"It worked as described without surprises the support team: as long as expectations stay realistic, so it is fine if you are not picky.",neutral
"It worked as described without surprises the update: and support response was only moderate, so it works, but nothing stands out.",neutral
"It worked as described without surprises the workflow: without any standout features, so it is serviceable for now.",neutral
"The experience was mostly average the app: though the interface could be cleaner, so it is useful in limited situations.",neutral
"The experience was mostly average the overall experience: for simple day-to-day tasks, so it met minimum expectations.",neutral
"The experience was mostly average the platform: as long as expectations stay realistic, so it is serviceable for now.",neutral
"The experience was mostly average the platform: while setup took a little effort, so it met minimum expectations.",neutral
"The experience was mostly average the purchase: while setup took a little effort, so I feel neutral about recommending it.",neutral
"The experience was mostly average the workflow: while setup took a little effort, so it is serviceable for now.",neutral
"The experience was mostly average the workflow: with room for future improvements, so I feel neutral about recommending it.",neutral
"The product felt ordinary the overall experience: but performance varied at times, so it is fine if you are not picky.",neutral
"The product felt ordinary the package: but performance varied at times, so it is serviceable for now.",neutral
"The product felt ordinary the platform: and support response was only moderate, so it was okay but not memorable.",neutral
"The product felt ordinary the purchase: though the interface could be cleaner, so I would rate it as average.",neutral
"The product felt ordinary the workflow: while setup took a little effort, so it is fine if you are not picky.",neutral
"The product felt ordinary the workflow: without any standout features, so I would call it a middle-of-the-road option.",neutral
"The product felt ordinary this product: though the interface could be cleaner, so it is serviceable for now.",neutral
"The quality was neither high nor low the app: and some parts felt unfinished, so I feel neutral about recommending it.",neutral
"The quality was neither high nor low the app: with room for future improvements, so I am neither impressed nor disappointed.",neutral
"The quality was neither high nor low the package: with room for future improvements, so I feel neutral about recommending it.",neutral
"The quality was neither high nor low the purchase: but performance varied at times, so it is fine if you are not picky.",neutral
"The quality was neither high nor low the support team: with room for future improvements, so it is serviceable for now.",neutral
"The quality was neither high nor low the update: but performance varied at times, so it was okay but not memorable.",neutral
"The quality was neither high nor low this product: and support response was only moderate, so it is fine if you are not picky.",neutral
"The results were mixed but usable the app: and support response was only moderate, so it is serviceable for now.",neutral
"The results were mixed but usable the app: for simple day-to-day tasks, so it met minimum expectations.",neutral
"The results were mixed but usable the package: for simple day-to-day tasks, so I feel neutral about recommending it.",neutral
"The results were mixed but usable the package: though the interface could be cleaner, so it met minimum expectations.",neutral
"The results were mixed but usable the platform: while setup took a little effort, so it works, but nothing stands out.",neutral
"The results were mixed but usable the purchase: and support response was only moderate, so I would call it a middle-of-the-road option.",neutral
"The results were mixed but usable the purchase: and support response was only moderate, so I would rate it as average.",neutral
"The results were mixed but usable the purchase: as long as expectations stay realistic, so I feel neutral about recommending it.",neutral
"The results were mixed but usable the purchase: as long as expectations stay realistic, so it met minimum expectations.",neutral
"The results were mixed but usable the purchase: but performance varied at times, so it met minimum expectations.",neutral
"The results were mixed but usable the service: but performance varied at times, so it was okay but not memorable.",neutral
"The results were mixed but usable the support team: and some parts felt unfinished, so it is fine if you are not picky.",neutral
"The results were mixed but usable the update: while setup took a little effort, so it works, but nothing stands out.",neutral
"The results were mixed but usable the workflow: and support response was only moderate, so it is fine if you are not picky.",neutral
"The results were mixed but usable the workflow: though the interface could be cleaner, so I feel neutral about recommending it.",neutral
"The results were mixed but usable the workflow: while setup took a little effort, so I am neither impressed nor disappointed.",neutral
"The results were mixed but usable the workflow: without any standout features, so I am neither impressed nor disappointed.",neutral
"The service was fine for routine use the app: as long as expectations stay realistic, so it works, but nothing stands out.",neutral
"The service was fine for routine use the overall experience: and support response was only moderate, so I feel neutral about recommending it.",neutral
"The service was fine for routine use the overall experience: while setup took a little effort, so it is serviceable for now.",neutral
"The service was fine for routine use the overall experience: with a few minor rough edges, so it is useful in limited situations.",neutral
"The service was fine for routine use the package: with a few minor rough edges, so it is serviceable for now.",neutral
"The service was fine for routine use the package: without any standout features, so it is serviceable for now.",neutral
"The service was fine for routine use the platform: as long as expectations stay realistic, so I am neither impressed nor disappointed.",neutral
"The service was fine for routine use the purchase: without any standout features, so I am neither impressed nor disappointed.",neutral
"The service was fine for routine use the support team: though the interface could be cleaner, so I would call it a middle-of-the-road option.",neutral
"The service was fine for routine use the support team: with a few minor rough edges, so it was okay but not memorable.",neutral
"The service was fine for routine use the update: for simple day-to-day tasks, so it is serviceable for now.",neutral
"The service was fine for routine use the update: with room for future improvements, so it is useful in limited situations.",neutral
"I cannot recommend the app: the confusing setup and unclear instructions, and I ended up looking for alternatives.",negative
"I cannot recommend the app: the missed expectations on core features, and it created more problems than it solved.",negative
"I cannot recommend the app: the weak build quality and rough finish, and I ended up looking for alternatives.",negative
"I cannot recommend the overall experience: the confusing setup and unclear instructions, and it created more problems than it solved.",negative
"I cannot recommend the package: the overall lack of polish, and I ended up looking for alternatives.",negative
"I cannot recommend the platform: the inconsistent output quality, and it wasted my time.",negative
"I cannot recommend the platform: the overall lack of polish, and I was dissatisfied with the outcome.",negative
"I cannot recommend the purchase: the slow performance and lag, and I was dissatisfied with the outcome.",negative
"I cannot recommend the workflow: the missed expectations on core features, and I cannot trust it for important work.",negative
"I cannot recommend the workflow: the slow performance and lag, and it did not justify its cost.",negative
"I cannot recommend the workflow: the weak build quality and rough finish, and it wasted my time.",negative
"I cannot recommend this product: the inconsistent output quality, and it created more problems than it solved.",negative
"I expected better from the app: the inconsistent output quality, and I ended up looking for alternatives.",negative
"I expected better from the overall experience: the inconsistent output quality, and it failed to deliver on key promises.",negative
"I expected better from the package: the inconsistent output quality, and I was dissatisfied with the outcome.",negative
"I expected better from the package: the missed expectations on core features, and it created more problems than it solved.",negative
"I expected better from the platform: the repeated failures under common tasks, and it failed to deliver on key promises.",negative
"I expected better from the support team: the bugs that interrupted normal use, and it failed to deliver on key promises.",negative
"I expected better from the support team: the slow performance and lag, and I cannot trust it for important work.",negative
"I found serious problems in the package: its unstable behavior and frequent errors, and I ended up looking for alternatives.",negative
"I found serious problems in the purchase: the confusing setup and unclear instructions, and it wasted my time.",negative
"I found serious problems in the purchase: the slow performance and lag, and it did not justify its cost.",negative
"I found serious problems in the service: the missed expectations on core features, and I would not purchase it again.",negative
"I found serious problems in the service: the weak build quality and rough finish, and I cannot trust it for important work.",negative
"I found serious problems in the update: the inconsistent output quality, and I would not purchase it again.",negative
"I found serious problems in the update: the repeated failures under common tasks, and it created more problems than it solved.",negative
"I found serious problems in this product: the weak build quality and rough finish, and it wasted my time.",negative
"I had a frustrating time with the overall experience: the inconsistent output quality, and it did not justify its cost.",negative
"I had a frustrating time with the package: the lack of reliable support, and I ended up looking for alternatives.",negative
"I had a frustrating time with the platform: the inconsistent output quality, and I ended up looking for alternatives.",negative
"I had a frustrating time with the service: its unstable behavior and frequent errors, and I was dissatisfied with the outcome.",negative
"I had a frustrating time with the support team: the missed expectations on core features, and I ended up looking for alternatives.",negative
"I had repeated issues with the overall experience: the overall lack of polish, and it did not justify its cost.",negative
"I had repeated issues with the package: the missed expectations on core features, and I ended up looking for alternatives.",negative
"I had repeated issues with the support team: the bugs that interrupted normal use, and I ended up looking for alternatives.",negative
"I had repeated issues with the support team: the overall lack of polish, and it created more problems than it solved.",negative
"I had repeated issues with the support team: the weak build quality and rough finish, and it felt unreliable throughout.",negative
"I had repeated issues with the workflow: the slow performance and lag, and it did not justify its cost.",negative
"I regret choosing the overall experience: the missed expectations on core features, and it wasted my time.",negative
"I regret choosing the purchase: its unstable behavior and frequent errors, and it felt unreliable throughout.",negative
"I regret choosing the purchase: the slow performance and lag, and I would advise others to avoid it.",negative
"I regret choosing the service: the inconsistent output quality, and it did not justify its cost.",negative
"I regret choosing the support team: the confusing setup and unclear instructions, and I ended up looking for alternatives.",negative
"I regret choosing the support team: the lack of reliable support, and it created more problems than it solved.",negative
"I regret choosing the workflow: the confusing setup and unclear instructions, and it did not justify its cost.",negative
"I regret choosing the workflow: the confusing setup and unclear instructions, and it failed to deliver on key promises.",negative
"I regret choosing the workflow: the overall lack of polish, and it wasted my time.",negative
"I regret choosing this product: the inconsistent output quality, and it did not justify its cost.",negative
"I was disappointed by the app: its unstable behavior and frequent errors, and it failed to deliver on key promises.",negative
"I was disappointed by the app: the inconsistent output quality, and I was dissatisfied with the outcome.",negative
"I was disappointed by the app: the overall lack of polish, and I was dissatisfied with the outcome.",negative
"I was disappointed by the package: the bugs that interrupted normal use, and I ended up looking for alternatives.",negative
"I was disappointed by the platform: the missed expectations on core features, and it wasted my time.",negative
"I was disappointed by the service: the missed expectations on core features, and it failed to deliver on key promises.",negative
"I was disappointed by the support team: its unstable behavior and frequent errors, and I cannot trust it for important work.",negative
"I was disappointed by the support team: the lack of reliable support, and it created more problems than it solved.",negative
"I was disappointed by the support team: the missed expectations on core features, and it created more problems than it solved.",negative
"I was disappointed by the update: the confusing setup and unclear instructions, and it felt unreliable throughout.",negative
"I was disappointed by the update: the lack of reliable support, and it did not justify its cost.",negative
"I was disappointed by the update: the missed expectations on core features, and it wasted my time.",negative
"I was disappointed by the update: the weak build quality and rough finish, and I would not purchase it again.",negative
"I was let down by the app: the missed expectations on core features, and it created more problems than it solved.",negative
"I was let down by the package: its unstable behavior and frequent errors, and I cannot trust it for important work.",negative
"I was let down by the package: the missed expectations on core features, and it created more problems than it solved.",negative
"I was let down by the package: the repeated failures under common tasks, and I ended up looking for alternatives.",negative
"I was let down by the purchase: the overall lack of polish, and I cannot trust it for important work.",negative
"I was let down by the service: the bugs that interrupted normal use, and I was dissatisfied with the outcome.",negative
"I was let down by the support team: its unstable behavior and frequent errors, and it did not justify its cost.",negative
"I was let down by the support team: the bugs that interrupted normal use, and I cannot trust it for important work.",negative
"I was let down by the update: the bugs that interrupted normal use, and it wasted my time.",negative
"I was let down by the update: the overall lack of polish, and I was dissatisfied with the outcome.",negative
"I was let down by the workflow: the inconsistent output quality, and I would not purchase it again.",negative
"I was let down by the workflow: the slow performance and lag, and I would advise others to avoid it.",negative
"I was let down by this product: the bugs that interrupted normal use, and it felt unreliable throughout.",negative
"I was let down by this product: the missed expectations on core features, and it wasted my time.",negative
"I was unhappy with the package: the confusing setup and unclear instructions, and it failed to deliver on key promises.",negative
"I was unhappy with the platform: the bugs that interrupted normal use, and I would advise others to avoid it.",negative
"I was unhappy with the platform: the inconsistent output quality, and it failed to deliver on key promises.",negative
"I was unhappy with the purchase: the overall lack of polish, and it created more problems than it solved.",negative
"I was unhappy with the support team: the missed expectations on core features, and it created more problems than it solved.",negative
"I was unhappy with the workflow: its unstable behavior and frequent errors, and it created more problems than it solved.",negative
"I was unhappy with the workflow: the lack of reliable support, and I ended up looking for alternatives.",negative
"I was unhappy with this product: the bugs that interrupted normal use, and it failed to deliver on key promises.",negative
"I was unhappy with this product: the inconsistent output quality, and it did not justify its cost.",negative
"I was unhappy with this product: the missed expectations on core features, and it created more problems than it solved.",negative
"I was unhappy with this product: the repeated failures under common tasks, and it felt unreliable throughout.",negative
"I was unhappy with this product: the slow performance and lag, and I would advise others to avoid it.",negative
"My experience was poor with the app: the confusing setup and unclear instructions, and it wasted my time.",negative
"My experience was poor with the overall experience: the missed expectations on core features, and it felt unreliable throughout.",negative
"My experience was poor with the platform: its unstable behavior and frequent errors, and it felt unreliable throughout.",negative
"My experience was poor with the platform: the missed expectations on core features, and it wasted my time.",negative
"My experience was poor with the platform: the overall lack of polish, and it felt unreliable throughout.",negative
"My experience was poor with the purchase: the missed expectations on core features, and it did not justify its cost.",negative
"My experience was poor with the purchase: the slow performance and lag, and it failed to deliver on key promises.",negative
"My experience was poor with the service: the missed expectations on core features, and it wasted my time.",negative
"My experience was poor with the support team: its unstable behavior and frequent errors, and I would advise others to avoid it.",negative
"My experience was poor with the support team: the weak build quality and rough finish, and it failed to deliver on key promises.",negative
"My experience was poor with the workflow: the inconsistent output quality, and I cannot trust it for important work.",negative
"My experience was poor with the workflow: the missed expectations on core features, and it wasted my time.",negative
"My experience was poor with this product: the bugs that interrupted normal use, and I cannot trust it for important work.",negative
